{
  "r0": {
    "min": 5.0,
    "max": 100.0,
    "p01": 5.949999809265137,
    "p99": 99.05000305175781
  },
  "d": {
    "min": 1.0,
    "max": 50.0,
    "p01": 1.4900000095367432,
    "p99": 49.5099983215332
  },
  "g": {
    "min": 2.0,
    "max": 50.0,
    "p01": 2.4800000190734863,
    "p99": 49.52000045776367
  },
  "n0": {
    "min": 1.0,
    "max": 1.5199999809265137,
    "p01": 1.0049999952316284,
    "p99": 1.5149999856948853
  },
  "lda0": {
    "min": 200.00999450683594,
    "max": 1000.0,
    "p01": 207.99989318847656,
    "p99": 991.9901123046875
  },
  "eps_c1": {
    "min": -99.99800109863281,
    "max": 30.0,
    "p01": -98.70000457763672,
    "p99": 28.69902229309082
  },
  "eps_c2": {
    "min": 0.0006500000017695129,
    "max": 49.999820709228516,
    "p01": 0.5006619095802307,
    "p99": 49.49952697753906
  },
  "eps_s1": {
    "min": -99.99800109863281,
    "max": 30.0,
    "p01": -98.69802856445312,
    "p99": 28.69902229309082
  },
  "eps_s2": {
    "min": 0.00041000000783242285,
    "max": 49.99964904785156,
    "p01": 0.5001949667930603,
    "p99": 49.49937438964844
  }
}